product_name,product_id,productNameId,product_url,category,review_id,rating,title,review_text,submission_time,author,is_staff,is_verified_buyer,badge,likes,incentivized_review_label,fit_feedback,height,weight,size_purchased,usual_size,total_comments,comments_json,lulu_response_author,lulu_response_text,lulu_response_time,photo_count,photo_ids,photo_urls,photo_thumbnails,photo_captions,complaint_theme,business_insight,matched_defect_code,matched_defect_desc,matched_defect_group_code,matched_defect_group,similarity_score,semantic_match_method,operation_related,confidence_score,scraped_at
Define Jacket Nulu,define_jacket_nulu,Define_Jacket_Nulu,https://shop.lululemon.com/p/jackets-and-hoodies-jackets/Define-Jacket-Nulu/_/prod11020158?color=75697,Jackets,255533845,3,"Great jacket, runs super small","I'm 130 lbs 5'6 (usually an size 6-8) and i have sized up to a 14 because anything smaller than a 10 was so tight and showed everything (even my belly button which is an ""inny"") Just ridiculously sized.",2026-08-04T01:21:44.000+00:00,,False,False,,0,,,,,14,6-8,0,[],,,,0,,,,,Fabric & Material Quality,Product material or durability concern affecting premium brand trust.,,,,,,,,,2026-08-04T05:04:03.613644+00:00
SP25 Sculpt Tank FT,sp25_sculpt_tank_ft,Sculpt_Tank_Top,https://shop.lululemon.com/p/women-tanks/Sculpt-Tank-Top/_/prod5020018?color=31382,Women Tanks,255402714,1,Don’t but this,The quality of this item is not up to previous Lululemon standards. Cheaply made and falls apart quickly.,2026-08-01T16:58:44.000+00:00,,False,False,,0,,True to size,,,6,,0,[],Guest Education Centre (GEC),"Thank you for sharing your feedback with us. We hear your note about the quality of the Sculpt Tank Top, and we understand it didn’t meet the standards you’ve come to expect. Insights like yours help us identify where improvements are needed.",2026-08-01T17:33:34.000+00:00,0,,,,,Fabric & Material Quality,Product material or durability concern affecting premium brand trust.,,,,,,,,,2026-08-04T05:04:19.832552+00:00
Define Jacket Nulu,define_jacket_nulu,Define_Jacket_Nulu,https://shop.lululemon.com/p/jackets-and-hoodies-jackets/Define-Jacket-Nulu/_/prod11020158?color=75697,Jackets,254913802,1,Poor Quality Unfortunately,"This is my third or fourth Define jacket which I usually love, but after one wash in a cold cycle and in a laundry bag, then hung to dry, it’s already pilled and ripping at the seams. I’m so sad, as this was actually the shirt I wore during my proposal but because of the quality may never wear it again",2026-07-29T01:13:53.000+00:00,fifisteve,False,False,,0,,True to size,,,2,2,0,[],Guest Education Centre (GEC),"We understand that your Define Jacket is pilling and we've just sent you an email to please reply to, so we can continue the conversation.",2026-07-29T12:02:23.000+00:00,0,,,,,Fabric & Material Quality,Product material or durability concern affecting premium brand trust.,,,,,,,,,2026-08-04T05:03:41.196873+00:00
Define Jacket Nulu,define_jacket_nulu,Define_Jacket_Nulu,https://shop.lululemon.com/p/jackets-and-hoodies-jackets/Define-Jacket-Nulu/_/prod11020158?color=75697,Jackets,254838461,3,My new piece,The zipper are a bit rough,2026-07-28T12:30:58.000+00:00,,False,False,,0,,Runs small,,,8,2-4,0,[],Guest Education Centre (GEC),"Thanks for giving the Define Jacket a try—looks like it earned a spot in your collection. We appreciate your callout on the zipper. Input like yours helps us continue to refine our gear. If the zipper doesn't hold up as expected, we're here to help. You can visit us in-store or connect online through the Contact Us page on our website.",2026-07-28T20:55:39.000+00:00,1,17878878,https://photos-us.bazaarvoice.com/photo/2/cGhvdG86bHVsdWxlbW9u/704a5aed-a738-55cf-b04d-f918d5edc861,https://photos-us.bazaarvoice.com/photo/2/cGhvdG86bHVsdWxlbW9u/17d6082f-e535-5fe9-bc6f-205955b5d7a9,Just got this new define nulu jacket. Notice the left side zipper are a bit rough on the sleeve. With movement it could scratches the fabric and pile. I have noticed some scratches on my first wear. With prices like this. Quality could be better.,Zipper Issues,Functional closure failure suggests a product reliability risk.,,,,,,,,,2026-08-04T05:04:03.613736+00:00
"Q123 Pace Breaker 7"" Lined",q123_pace_breaker_7_lined,Pace_Breaker_Short_NF_7_Lined_Update,https://shop.lululemon.com/p/men-shorts/Pace-Breaker-Short-NF-7-Lined-Update-MD/_/prod11784464?color=72756,Mens Shorts,254536135,1,Poorly Designed Phone Pocket!,"I purchased these shorts expecting the quality and performance I’ve always associated with Lululemon, but unfortunately, this product was a huge disappointment. The liner includes secure mesh phone pockets, but they are not secure enough for running. During my first run with these shorts, my phone slipped out of the pocket, fell to the ground, and the screen broke. A phone pocket in running shorts should keep a phone securely in place while you’re moving, but this one failed to do its job!",2026-07-26T16:56:47.000+00:00,,False,False,,0,,True to size,,,L,L,0,[],,,,0,,,,,Design & Features,Design choice or feature limitation may be frustrating customers.,,,,,,,,,2026-08-04T05:04:29.289792+00:00
SP25 Sculpt Tank FT,sp25_sculpt_tank_ft,Sculpt_Tank_Top,https://shop.lululemon.com/p/women-tanks/Sculpt-Tank-Top/_/prod5020018?color=31382,Women Tanks,254324269,3,Loose top,Top is ok very loose and blousy. Very thing fabric,2026-07-24T17:37:12.000+00:00,,False,False,,0,,Runs a bit large,,,4,4,0,[],,,,0,,,,,Fabric & Material Quality,Product material or durability concern affecting premium brand trust.,,,,,,,,,2026-08-04T05:04:24.216991+00:00
SP25 Sculpt Tank FT,sp25_sculpt_tank_ft,Sculpt_Tank_Top,https://shop.lululemon.com/p/women-tanks/Sculpt-Tank-Top/_/prod5020018?color=31382,Women Tanks,254299918,3,Where is the cropped version??,The cropped version of the sculpt tank is my all time FAVE! Where is the crop??,2026-07-24T15:28:22.000+00:00,,False,False,,0,,True to size,,,4,4,0,[],,,,0,,,,,Sizing & Fit,Fit expectation mismatch that may increase return risk.,,,,,,,,,2026-08-04T05:04:24.217091+00:00
SP25 Sculpt Tank FT,sp25_sculpt_tank_ft,Sculpt_Tank_Top,https://shop.lululemon.com/p/women-tanks/Sculpt-Tank-Top/_/prod5020018?color=31382,Women Tanks,254239241,3,Sculpt tank should cover the backside,Have several of the older styles and they are a bit narrower and a bit longer,2026-07-24T12:24:04.000+00:00,,False,False,,0,,Runs a bit large,,,10,8 or 10,0,[],,,,0,,,,,Design & Features,Design choice or feature limitation may be frustrating customers.,,,,,,,,,2026-08-04T05:04:24.217206+00:00
Define Jacket Nulu,define_jacket_nulu,Define_Jacket_Nulu,https://shop.lululemon.com/p/jackets-and-hoodies-jackets/Define-Jacket-Nulu/_/prod11020158?color=75697,Jackets,254009686,1,Poor customer service,Came in stained and customer service has still not responded to the request they asked me to send in.,2026-07-24T00:21:35.000+00:00,,False,False,,0,,True to size,,,,,0,[],,,,2,17828869 ; 17828870,https://photos-us.bazaarvoice.com/photo/2/cGhvdG86bHVsdWxlbW9u/2deabd0c-68c2-5454-8cbb-89afa35b6cfa ; https://photos-us.bazaarvoice.com/photo/2/cGhvdG86bHVsdWxlbW9u/883ba0ec-adeb-5c14-a5a2-64597337df64,https://photos-us.bazaarvoice.com/photo/2/cGhvdG86bHVsdWxlbW9u/8b2fd0a3-19db-5720-810f-a403701e1792 ; https://photos-us.bazaarvoice.com/photo/2/cGhvdG86bHVsdWxlbW9u/9a6a451e-16b5-5b18-a0f0-af1c85d30585,,Customer Service,Support or resolution issue affecting trust and loyalty.,,,,,,,,,2026-08-04T05:03:41.197084+00:00
Define Jacket Nulu,define_jacket_nulu,Define_Jacket_Nulu,https://shop.lululemon.com/p/jackets-and-hoodies-jackets/Define-Jacket-Nulu/_/prod11020158?color=75697,Jackets,253268959,3,"Great product, runs very small","I love this jacket, bought the recommended size, online, based on all of my other purchases, and it is too small. I would love to return it for another larger size, but it isn’t available! The fabric is wonderful! I have the align pants that match the jacket, but I’m hoping another comes up online!",2026-07-22T10:46:51.000+00:00,,False,False,,0,,,,,Size 6,Size 6,0,[],,,,0,,,,,Fabric & Material Quality,Product material or durability concern affecting premium brand trust.,,,,,,,,,2026-08-04T05:04:03.613820+00:00
SP25 Sculpt Tank FT,sp25_sculpt_tank_ft,Sculpt_Tank_Top,https://shop.lululemon.com/p/women-tanks/Sculpt-Tank-Top/_/prod5020018?color=31382,Women Tanks,252951117,1,Too short,Too short for means too high in the neck,2026-07-20T00:33:00.000+00:00,,False,False,,0,,,,,10 and 12,12,0,[],Guest Education Centre (GEC),"Thanks for sharing your feedback on the Sculpt Tank Top. We understand the neckline sat higher than you were expecting. For a different cut, the Swiftly Tech Racerback Tank Top 2.0 Hip Length offers a lower neckline and sweat-wicking fabric designed to help keep you comfortable during movement. For assistance with an online return or additional product recommendations, connect with our Guest Education Centre via Live Chat or call 1.877.263.9300.",2026-07-20T12:05:27.000+00:00,0,,,,,Other,Review content requires manual inspection for a clearer root cause.,,,,,,,,,2026-08-04T05:04:19.832733+00:00
Define Jacket Nulu,define_jacket_nulu,Define_Jacket_Nulu,https://shop.lululemon.com/p/jackets-and-hoodies-jackets/Define-Jacket-Nulu/_/prod11020158?color=75697,Jackets,252922435,1,Lulu jacket ripped,I bought this jacket for an event and it’s first and now my only time wearing it since within the first 4 hours of wearing I went to pick up my cell phone that dropped and the small seems on the back of the jacket ripped and now there’s a small hole. This is unfortunate as I love almost everything I buy from Lulu and I have never experienced an issue till now.,2026-07-18T22:53:13.000+00:00,,False,False,,0,,,,,,,0,[],Guest Education Centre (GEC),We’re so sorry to hear this wasn’t the experience you expected. We appreciate your continued support and your feedback on the quality of the Define Jacket.,2026-07-19T15:46:50.000+00:00,0,,,,,Stitching & Construction,Construction quality issue may undermine perceived craftsmanship.,,,,,,,,,2026-08-04T05:03:41.197329+00:00
SP25 Sculpt Tank FT,sp25_sculpt_tank_ft,Sculpt_Tank_Top,https://shop.lululemon.com/p/women-tanks/Sculpt-Tank-Top/_/prod5020018?color=31382,Women Tanks,252915980,1,Bring back Love tank,No comparison to Love tank,2026-07-18T16:36:26.000+00:00,,False,False,,0,,Runs a bit small,,,8,6,0,[],,,,0,,,,,Design & Features,Design choice or feature limitation may be frustrating customers.,,,,,,,,,2026-08-04T05:04:19.832859+00:00
SP25 Sculpt Tank FT,sp25_sculpt_tank_ft,Sculpt_Tank_Top,https://shop.lululemon.com/p/women-tanks/Sculpt-Tank-Top/_/prod5020018?color=31382,Women Tanks,252905446,3,Clingy when sweaty,"Cute, but uncomfortable when sweaty. The fabric sticks like wet plastic wrap after a hot workout me.",2026-07-18T01:37:49.000+00:00,,False,False,,0,,True to size,,,,,0,[],Guest Education Centre (GEC),Thanks for sharing your honest feedback about the feel of this fabric after your workout. Your insights help us explore new ways to innovate our designs and improve your overall experience.,2026-07-18T12:39:27.000+00:00,0,,,,,Sizing & Fit,Fit expectation mismatch that may increase return risk.,,,,,,,,,2026-08-04T05:04:24.217297+00:00
Define Jacket Nulu,define_jacket_nulu,Define_Jacket_Nulu,https://shop.lululemon.com/p/jackets-and-hoodies-jackets/Define-Jacket-Nulu/_/prod11020158?color=75697,Jackets,252880692,2,Jacket,"This will be my 3rd time ordering from here and i honestly am a little disappointed now. My first two times ever ordering my package came damaged. For my purse that I ordered, they just threw it in the package bag and it had a black stain on it. A little stain that wasn’t as noticeable but it was still there, I payed full price for it to be NEW. My 2nd time my package was mistreated and my water bottle came damaged. Now my jacket is all wrinkly but it is a very beautiful color so I am not as mad",2026-07-17T04:35:42.000+00:00,,False,False,,0,,True to size,,,12,14,0,[],Guest Education Centre (GEC),"Thank you for taking the time to share this. After a stained purse, a damaged water bottle, and now a wrinkled jacket, it's understandable that your recent order experiences haven't felt as seamless as you'd hoped. We're glad the jacket's beautiful colour helped soften the disappointment a little. If you ever run into concerns with an order, our Guest Education Centre is here to support and explore options with you. We appreciate your feedback and hope your next delivery is a much smoother experience.",2026-07-17T12:31:34.000+00:00,0,,,,,Sizing & Fit,Fit expectation mismatch that may increase return risk.,,,,,,,,,2026-08-04T05:03:56.507508+00:00
SP25 Sculpt Tank FT,sp25_sculpt_tank_ft,Sculpt_Tank_Top,https://shop.lululemon.com/p/women-tanks/Sculpt-Tank-Top/_/prod5020018?color=31382,Women Tanks,252870548,1,Cheap,The color is nice but the quality is cheap,2026-07-16T21:10:22.000+00:00,,False,False,,0,,Runs a bit small,,,,,0,[],Guest Education Centre (GEC),"Thanks for sharing your thoughts on the Sculpt Tank Top. We hear this fell short on expectations, and we're taking note. If you're looking for a similar option with the same length and coverage, the Swiftly Tech Racerback Tank Top 2.0 Hip Length may be what you're looking for.",2026-07-16T22:01:45.000+00:00,0,,,,,Fabric & Material Quality,Product material or durability concern affecting premium brand trust.,,,,,,,,,2026-08-04T05:04:19.833009+00:00
SP25 Sculpt Tank FT,sp25_sculpt_tank_ft,Sculpt_Tank_Top,https://shop.lululemon.com/p/women-tanks/Sculpt-Tank-Top/_/prod5020018?color=31382,Women Tanks,252769720,2,Opened package,"It seems like I received a shipment of previously opened and returned package. The packaging that the shirt was in had been previously torn open, and not neatly at all. Shirt was shoved back in and then shipment forwarded to me. Expect more with these type of prices.",2026-07-13T15:37:37.000+00:00,,False,False,,0,,True to size,,,6,6,0,[],,,,0,,,,,Shipping & Delivery,Post-purchase delivery problem affecting customer experience.,,,,,,,,,2026-08-04T05:04:22.410704+00:00
"Q123 Pace Breaker 7"" Lined",q123_pace_breaker_7_lined,Pace_Breaker_Short_NF_7_Lined_Update,https://shop.lululemon.com/p/men-shorts/Pace-Breaker-Short-NF-7-Lined-Update-MD/_/prod11784464?color=72756,Mens Shorts,252757480,2,Didn’t like the liner,Didn’t like the liner. Brought them back for the unlined. Those were perfect.,2026-07-13T01:41:23.000+00:00,,False,False,,0,,True to size,,,S,S,0,[],Guest Education Centre (GEC),Thanks for sharing—we're glad you found a style that delivers peak comfort and style that feels just right.,2026-07-13T13:17:24.000+00:00,0,,,,,Sizing & Fit,Fit expectation mismatch that may increase return risk.,,,,,,,,,2026-08-04T05:04:35.047360+00:00
"Q123 Pace Breaker 7"" Lined",q123_pace_breaker_7_lined,Pace_Breaker_Short_NF_7_Lined_Update,https://shop.lululemon.com/p/men-shorts/Pace-Breaker-Short-NF-7-Lined-Update-MD/_/prod11784464?color=72756,Mens Shorts,252736265,3,Short,Short is okay. Not sure if I am an fan of the liner,2026-07-12T04:05:11.000+00:00,,False,False,,0,,,,,Large,,0,[],Guest Education Centre (GEC),"Fit is personal, and we appreciate you sharing your thoughts on the liner. If you'd prefer a different feel, the Pace Breaker collection is also available in a linerless option, offering the same performance-focused design without the built-in liner.",2026-07-12T12:59:44.000+00:00,0,,,,,Other,Review content requires manual inspection for a clearer root cause.,,,,,,,,,2026-08-04T05:04:37.710245+00:00
Define Jacket Nulu,define_jacket_nulu,Define_Jacket_Nulu,https://shop.lululemon.com/p/jackets-and-hoodies-jackets/Define-Jacket-Nulu/_/prod11020158?color=75697,Jackets,252682597,3,Fits very nice,I really liked this runs true to size and very cute! The material is very thin but very soft.,2026-07-10T01:45:40.000+00:00,,False,False,,0,,True to size,,,2,2,0,[],,,,1,17700314,https://photos-us.bazaarvoice.com/photo/2/cGhvdG86bHVsdWxlbW9u/8a9ecb09-12df-5829-b388-6e6d2e962ebe,https://photos-us.bazaarvoice.com/photo/2/cGhvdG86bHVsdWxlbW9u/cc901250-297c-576e-b1be-49b086d13028,,Fabric & Material Quality,Product material or durability concern affecting premium brand trust.,,,,,,,,,2026-08-04T05:04:03.613872+00:00
